{"version": "1", "message": "ERROR: Hidden Testcases server unreachable.", "problem_id": "ADS-1 remedial-2", "user_id": "ASairithwikmahateja", "score": {"sample": {"0": {"execution_time": 0.27290916442871094, "passed": true}, "1": {"execution_time": 0.28254008293151855, "passed": true}, "2": {"execution_time": 0.2795407772064209, "passed": true}, "3": {"execution_time": 0.28114748001098633, "passed": true}, "4": {"execution_time": 0.2812974452972412, "passed": true}, "5": {"execution_time": 0.2843806743621826, "passed": true}, "6": {"execution_time": 0.28087592124938965, "passed": true}, "7": {"execution_time": 0.2762620449066162, "passed": true}, "8": {"execution_time": 0.2912905216217041, "passed": true}, "9": {"execution_time": 0.21802306175231934, "passed": true}}}, "check_style_score": "0/1"}